Name,Code,Formula,Letter,MolWeight,SMILES,cterm,disulphide,ester,nterm
Glycine,Gly,C2H5NO2,G,75.07,NCC(=O)O,False,False,False,False
L-Alanine,Ala,C3H7NO2,A,89.09,N[C@@]([H])(C)C(=O)O,False,False,False,False
L-Arginine,Arg,C6H14N4O2,R,174.20,N[C@@]([H])(CCCNC(=N)N)C(=O)O,False,False,False,False
L-Asparagine,Asn,C4H8N2O3,N,132.12,N[C@@]([H])(CC(=O)N)C(=O)O,False,False,False,False
L-Aspartic_Acid,Asp,C4H7NO4,D,133.10,N[C@@]([H])(CC(=O)O)C(=O)O,N[C@@]([H])(CC*(=O))C(=O)O,False,False,False
L-Cysteine,Cys,C3H7NO2S,C,121.16,N[C@@]([H])(CS)C(=O)O,False,N[C@@]([H])(CS*)C(=O)O,False,False
L-Glutamic_Acid,Glu,C5H9NO4,E,147.13,N[C@@]([H])(CCC(=O)O)C(=O)O,N[C@@]([H])(CCC*(=O))C(=O)O,False,False,False
L-Glutamine,Gln,C5H10N2O3,Q,146.15,N[C@@]([H])(CCC(=O)N)C(=O)O,False,False,False,False
L-Histidine,His,C6H9N3O2,H,155.16,N[C@@]([H])(CC1=CN=C-N1)C(=O)O,False,False,False,False
L-Isoleucine,Ile,C6H13NO2,I,131.18,N[C@@]([H])([C@]([H])(CC)C)C(=O)O,False,False,False,False
L-Leucine,Leu,C6H13NO2,L,131.18,N[C@@]([H])(CC(C)C)C(=O)O,False,False,False,False
L-Lysine,Lys,C6H12N2O2,K,146.19,N[C@@]([H])(CCCCN)C(=O)O,False,False,False,N[C@@]([H])(CCCCN*)C(=O)O
L-Methionine,Met,C5H11NO2S,M,149.21,N[C@@]([H])(CCSC)C(=O)O,False,False,False,False
L-Phenylalanine,Phe,C9H11NO2,F,165.19,N[C@@]([H])(Cc1ccccc1)C(=O)O,False,False,False,False
L-Proline,Pro,C5H9NO2,P,115.13,N1[C@@]([H])(CCC1)C(=O)O,False,False,False,False
L-Serine,Ser,C3H7NO2,S,105.09,N[C@@]([H])(CO)C(=O)O,False,False,N[C@@]([H])(CO*)C(=O)O,False
L-Threonine,Thr,C4H9NO3,T,119.12,N[C@@]([H])([C@]([H])(O)C)C(=O)O,False,False,N[C@@]([H])([C@]([H])(O*)C)C(=O)O,False
L-Tryptophan,Trp,C11H12N2O2,W,204.23,N[C@@]([H])(CC(=CN2)C1=C2C=CC=C1)C(=O)O,False,False,False,False
L-Tyrosine,Tyr,C9H11NO3,Y,181.19,N[C@@]([H])(Cc1ccc(O)cc1)C(=O)O,False,False,N[C@@]([H])(Cc1ccc(O*)cc1)C(=O)O,False
L-Valine,Val,C5H11NO2,V,117.15,N[C@@]([H])(C(C)C)C(=O)O,False,False,False,False
D-Alanine,ala,C3H7NO2,a,89.09,N[C@]([H])(C)C(=O)O,False,False,False,False
D-Arginine,arg,C6H14N4O2,r,174.20,N[C@]([H])(CCCNC(=N)N)C(=O)O,False,False,False,False
D-Asparagine,asn,C4H8N2O3,n,132.12,N[C@]([H])(CC(=O)N)C(=O)O,False,False,False,False
D-Aspartic_Acid,asp,C4H7NO4,d,133.10,N[C@]([H])(CC(=O)O)C(=O)O,N[C@]([H])(CC*(=O))C(=O)O,False,False,False
D-Cysteine,cys,C3H7NO2S,c,121.16,N[C@]([H])(CS)C(=O)O,False,N[C@]([H])(CS*)C(=O)O,False,False
D-Glutamic_Acid,glu,C5H9NO4,e,147.13,N[C@]([H])(CCC(=O)O)C(=O)O,N[C@]([H])(CCC*(=O))C(=O)O,False,False,False
D-Glutamine,gln,C5H10N2O3,q,146.15,N[C@]([H])(CCC(=O)N)C(=O)O,False,False,False,False
D-Histidine,his,C6H9N3O2,h,155.16,N[C@]([H])(CC1=CN=C-N1)C(=O)O,False,False,False,False
D-Isoleucine,ile,C6H13NO2,i,131.18,N[C@]([H])([C@@]([H])(CC)C)C(=O)O,False,False,False,False
D-Leucine,leu,C6H13NO2,l,131.18,N[C@]([H])(CC(C)C)C(=O)O,False,False,False,False
D-Lysine,lys,C6H12N2O2,k,146.19,N[C@]([H])(CCCCN)C(=O)O,False,False,False,N[C@]([H])(CCCCN*)C(=O)O
D-Methionine,met,C5H11NO2S,m,149.21,N[C@]([H])(CCSC)C(=O)O,False,False,False,False
D-Phenylalanine,phe,C9H11NO2,f,165.19,N[C@]([H])(Cc1ccccc1)C(=O)O,False,False,False,False
D-Proline,pro,C5H9NO2,p,115.13,N1[C@]([H])(CCC1)C(=O)O,False,False,False,False
D-Serine,ser,C3H7NO2,s,105.09,N[C@]([H])(CO)C(=O)O,False,False,N[C@]([H])(CO*)C(=O)O,False
D-Tryptophan,trp,C11H12N2O2,w,204.23,N[C@]([H])(CC(=CN2)C1=C2C=CC=C1)C(=O)O,False,False,False,False
D-Tyrosine,tyr,C9H11NO3,y,181.19,N[C@]([H])(Cc1ccc(O)cc1)C(=O)O,False,False,N[C@]([H])(Cc1ccc(O*)cc1)C(=O)O,False
D-Valine,val,C5H11NO2,v,117.15,N[C@]([H])(C(C)C)C(=O)O,False,False,False,False
D-Threonine,thr,C4H9NO3,t,119.12,N[C@]([H])([C@@]([H])(O)C)C(=O)O,False,False,N[C@]([H])([C@@]([H])(O*)C)C(=O)O,False
L-Diaminopropionic_Acid,Dap,C3H8N2O2,J,104.12,N[C@@]([H])(CN)C(=O)O,False,False,False,N[C@@]([H])(CN*)C(=O)O
L-Ornithine,Orn,C5H12N2O2,O,132.16,N[C@@]([H])(CCCN)C(=O)O,False,False,False,N[C@@]([H])(CCCN*)C(=O)O
L-Selenocysteine,Sec,C3H6NO2Se,U,168.07,C([C@H](C(=O)O)N)[Se],False,False,False,False
D-Selenocysteine,sec,C3H6NO2Se,u,168.07,C([C@@H](C(=O)O)N)[Se],False,False,False,False
L-Pyrrolysine,Pyl,C12H21N3O3,O,255.31,N[C@@]([H])(CCCCNC(=O)CCCN)C(=O)O,False,False,False,False
D-Pyrrolysine,pyl,C12H21N3O3,o,255.31,N[C@]([H])(CCCCNC(=O)CCCN)C(=O)O,False,False,False,False
L-Norleucine,Nle,C6H13NO2,X,131.18,N[C@@]([H])([C@]([H])(CC)C)C(=O)O,False,False,False,False
D-Norleucine,nle,C6H13NO2,x,131.18,N[C@]([H])([C@@]([H])(CC)C)C(=O)O,False,False,False,False
L-Norvaline,Nva,C5H11NO2,V,117.15,N[C@@]([H])(C(C)C)C(=O)O,False,False,False,False
